DATE,WEEKENDS
1/1/13,2
1/2/13,3
1/3/13,4
1/4/13,5
1/5/13,6
1/6/13,7
1/7/13,1
1/8/13,2
1/9/13,3
1/10/13,4
1/11/13,5
1/12/13,6
1/13/13,7
1/14/13,1
1/15/13,2
1/16/13,3
1/17/13,4
1/18/13,5
1/19/13,6
1/20/13,7
1/21/13,1
1/22/13,2
1/23/13,3
1/24/13,4
1/25/13,5
1/26/13,6
1/27/13,7
1/28/13,1
1/29/13,2
1/30/13,3
1/31/13,4
2/1/13,5
2/2/13,6
2/3/13,7
2/4/13,1
2/5/13,2
2/6/13,3
2/7/13,4
2/8/13,5
2/9/13,6
2/10/13,7
2/11/13,1
2/12/13,2
2/13/13,3
2/14/13,4
2/15/13,5
2/16/13,6
2/17/13,7
2/18/13,1
2/19/13,2
2/20/13,3
2/21/13,4
2/22/13,5
2/23/13,6
2/24/13,7
2/25/13,1
2/26/13,2
2/27/13,3
2/28/13,4
3/1/13,5
3/2/13,6
3/3/13,7
3/4/13,1
3/5/13,2
3/6/13,3
3/7/13,4
3/8/13,5
3/9/13,6
3/10/13,7
3/11/13,1
3/12/13,2
3/13/13,3
3/14/13,4
3/15/13,5
3/16/13,6
3/17/13,7
3/18/13,1
3/19/13,2
3/20/13,3
3/21/13,4
3/22/13,5
3/23/13,6
3/24/13,7
3/25/13,1
3/26/13,2
3/27/13,3
3/28/13,4
3/29/13,5
3/30/13,6
3/31/13,7
4/1/13,1
4/2/13,2
4/3/13,3
4/4/13,4
4/5/13,5
4/6/13,6
4/7/13,7
4/8/13,1
4/9/13,2
4/10/13,3
4/11/13,4
4/12/13,5
4/13/13,6
4/14/13,7
4/15/13,1
4/16/13,2
4/17/13,3
4/18/13,4
4/19/13,5
4/20/13,6
4/21/13,7
4/22/13,1
4/23/13,2
4/24/13,3
4/25/13,4
4/26/13,5
4/27/13,6
4/28/13,7
4/29/13,1
4/30/13,2
5/1/13,3
5/2/13,4
5/3/13,5
5/4/13,6
5/5/13,7
5/6/13,1
5/7/13,2
5/8/13,3
5/9/13,4
5/10/13,5
5/11/13,6
5/12/13,7
5/13/13,1
5/14/13,2
5/15/13,3
5/16/13,4
5/17/13,5
5/18/13,6
5/19/13,7
5/20/13,1
5/21/13,2
5/22/13,3
5/23/13,4
5/24/13,5
5/25/13,6
5/26/13,7
5/27/13,1
5/28/13,2
5/29/13,3
5/30/13,4
5/31/13,5
6/1/13,6
6/2/13,7
6/3/13,1
6/4/13,2
6/5/13,3
6/6/13,4
6/7/13,5
6/8/13,6
6/9/13,7
6/10/13,1
6/11/13,2
6/12/13,3
6/13/13,4
6/14/13,5
6/15/13,6
6/16/13,7
6/17/13,1
6/18/13,2
6/19/13,3
6/20/13,4
6/21/13,5
6/22/13,6
6/23/13,7
6/24/13,1
6/25/13,2
6/26/13,3
6/27/13,4
6/28/13,5
6/29/13,6
6/30/13,7
7/1/13,1
7/2/13,2
7/3/13,3
7/4/13,4
7/5/13,5
7/6/13,6
7/7/13,7
7/8/13,1
7/9/13,2
7/10/13,3
7/11/13,4
7/12/13,5
7/13/13,6
7/14/13,7
7/15/13,1
7/16/13,2
7/17/13,3
7/18/13,4
7/19/13,5
7/20/13,6
7/21/13,7
7/22/13,1
7/23/13,2
7/24/13,3
7/25/13,4
7/26/13,5
7/27/13,6
7/28/13,7
7/29/13,1
7/30/13,2
7/31/13,3
8/1/13,4
8/2/13,5
8/3/13,6
8/4/13,7
8/5/13,1
8/6/13,2
8/7/13,3
8/8/13,4
8/9/13,5
8/10/13,6
8/11/13,7
8/12/13,1
8/13/13,2
8/14/13,3
8/15/13,4
8/16/13,5
8/17/13,6
8/18/13,7
8/19/13,1
8/20/13,2
8/21/13,3
8/22/13,4
8/23/13,5
8/24/13,6
8/25/13,7
8/26/13,1
8/27/13,2
8/28/13,3
8/29/13,4
8/30/13,5
8/31/13,6
9/1/13,7
9/2/13,1
9/3/13,2
9/4/13,3
9/5/13,4
9/6/13,5
9/7/13,6
9/8/13,7
9/9/13,1
9/10/13,2
9/11/13,3
9/12/13,4
9/13/13,5
9/14/13,6
9/15/13,7
9/16/13,1
9/17/13,2
9/18/13,3
9/19/13,4
9/20/13,5
9/21/13,6
9/22/13,7
9/23/13,1
9/24/13,2
9/25/13,3
9/26/13,4
9/27/13,5
9/28/13,6
9/29/13,7
9/30/13,1
10/1/13,2
10/2/13,3
10/3/13,4
10/4/13,5
10/5/13,6
10/6/13,7
10/7/13,1
10/8/13,2
10/9/13,3
10/10/13,4
10/11/13,5
10/12/13,6
10/13/13,7
10/14/13,1
10/15/13,2
10/16/13,3
10/17/13,4
10/18/13,5
10/19/13,6
10/20/13,7
10/21/13,1
10/22/13,2
10/23/13,3
10/24/13,4
10/25/13,5
10/26/13,6
10/27/13,7
10/28/13,1
10/29/13,2
10/30/13,3
10/31/13,4
11/1/13,5
11/2/13,6
11/3/13,7
11/4/13,1
11/5/13,2
11/6/13,3
11/7/13,4
11/8/13,5
11/9/13,6
11/10/13,7
11/11/13,1
11/12/13,2
11/13/13,3
11/14/13,4
11/15/13,5
11/16/13,6
11/17/13,7
11/18/13,1
11/19/13,2
11/20/13,3
11/21/13,4
11/22/13,5
11/23/13,6
11/24/13,7
11/25/13,1
11/26/13,2
11/27/13,3
11/28/13,4
11/29/13,5
11/30/13,6
12/1/13,7
12/2/13,1
12/3/13,2
12/4/13,3
12/5/13,4
12/6/13,5
12/7/13,6
12/8/13,7
12/9/13,1
12/10/13,2
12/11/13,3
12/12/13,4
12/13/13,5
12/14/13,6
12/15/13,7
12/16/13,1
12/17/13,2
12/18/13,3
12/19/13,4
12/20/13,5
12/21/13,6
12/22/13,7
12/23/13,1
12/24/13,2
12/25/13,3
12/26/13,4
12/27/13,5
12/28/13,6
12/29/13,7
12/30/13,1
12/31/13,2
1/1/14,3
1/2/14,4
1/3/14,5
1/4/14,6
1/5/14,7
1/6/14,1
1/7/14,2
1/8/14,3
1/9/14,4
1/10/14,5
1/11/14,6
1/12/14,7
1/13/14,1
1/14/14,2
1/15/14,3
1/16/14,4
1/17/14,5
1/18/14,6
1/19/14,7
1/20/14,1
1/21/14,2
1/22/14,3
1/23/14,4
1/24/14,5
1/25/14,6
1/26/14,7
1/27/14,1
1/28/14,2
1/29/14,3
1/30/14,4
1/31/14,5
2/1/14,6
2/2/14,7
2/3/14,1
2/4/14,2
2/5/14,3
2/6/14,4
2/7/14,5
2/8/14,6
2/9/14,7
2/10/14,1
2/11/14,2
2/12/14,3
2/13/14,4
2/14/14,5
2/15/14,6
2/16/14,7
2/17/14,1
2/18/14,2
2/19/14,3
2/20/14,4
2/21/14,5
2/22/14,6
2/23/14,7
2/24/14,1
2/25/14,2
2/26/14,3
2/27/14,4
2/28/14,5
3/1/14,6
3/2/14,7
3/3/14,1
3/4/14,2
3/5/14,3
3/6/14,4
3/7/14,5
3/8/14,6
3/9/14,7
3/10/14,1
3/11/14,2
3/12/14,3
3/13/14,4
3/14/14,5
3/15/14,6
3/16/14,7
3/17/14,1
3/18/14,2
3/19/14,3
3/20/14,4
3/21/14,5
3/22/14,6
3/23/14,7
3/24/14,1
3/25/14,2
3/26/14,3
3/27/14,4
3/28/14,5
3/29/14,6
3/30/14,7
3/31/14,1
4/1/14,2
4/2/14,3
4/3/14,4
4/4/14,5
4/5/14,6
4/6/14,7
4/7/14,1
4/8/14,2
4/9/14,3
4/10/14,4
4/11/14,5
4/12/14,6
4/13/14,7
4/14/14,1
4/15/14,2
4/16/14,3
4/17/14,4
4/18/14,5
4/19/14,6
4/20/14,7
4/21/14,1
4/22/14,2
4/23/14,3
4/24/14,4
4/25/14,5
4/26/14,6
4/27/14,7
4/28/14,1
4/29/14,2
4/30/14,3
5/1/14,4
5/2/14,5
5/3/14,6
5/4/14,7
5/5/14,1
5/6/14,2
5/7/14,3
5/8/14,4
5/9/14,5
5/10/14,6
5/11/14,7
5/12/14,1
5/13/14,2
5/14/14,3
5/15/14,4
5/16/14,5
5/17/14,6
5/18/14,7
5/19/14,1
5/20/14,2
5/21/14,3
5/22/14,4
5/23/14,5
5/24/14,6
5/25/14,7
5/26/14,1
5/27/14,2
5/28/14,3
5/29/14,4
5/30/14,5
5/31/14,6
6/1/14,7
6/2/14,1
6/3/14,2
6/4/14,3
6/5/14,4
6/6/14,5
6/7/14,6
6/8/14,7
6/9/14,1
6/10/14,2
6/11/14,3
6/12/14,4
6/13/14,5
6/14/14,6
6/15/14,7
6/16/14,1
6/17/14,2
6/18/14,3
6/19/14,4
6/20/14,5
6/21/14,6
6/22/14,7
6/23/14,1
6/24/14,2
6/25/14,3
6/26/14,4
6/27/14,5
6/28/14,6
6/29/14,7
6/30/14,1
7/1/14,2
7/2/14,3
7/3/14,4
7/4/14,5
7/5/14,6
7/6/14,7
7/7/14,1
7/8/14,2
7/9/14,3
7/10/14,4
7/11/14,5
7/12/14,6
7/13/14,7
7/14/14,1
7/15/14,2
7/16/14,3
7/17/14,4
7/18/14,5
7/19/14,6
7/20/14,7
7/21/14,1
7/22/14,2
7/23/14,3
7/24/14,4
7/25/14,5
7/26/14,6
7/27/14,7
7/28/14,1
7/29/14,2
7/30/14,3
7/31/14,4
8/1/14,5
8/2/14,6
8/3/14,7
8/4/14,1
8/5/14,2
8/6/14,3
8/7/14,4
8/8/14,5
8/9/14,6
8/10/14,7
8/11/14,1
8/12/14,2
8/13/14,3
8/14/14,4
8/15/14,5
8/16/14,6
8/17/14,7
8/18/14,1
8/19/14,2
8/20/14,3
8/21/14,4
8/22/14,5
8/23/14,6
8/24/14,7
8/25/14,1
8/26/14,2
8/27/14,3
8/28/14,4
8/29/14,5
8/30/14,6
8/31/14,7
9/1/14,1
9/2/14,2
9/3/14,3
9/4/14,4
9/5/14,5
9/6/14,6
9/7/14,7
9/8/14,1
9/9/14,2
9/10/14,3
9/11/14,4
9/12/14,5
9/13/14,6
9/14/14,7
9/15/14,1
9/16/14,2
9/17/14,3
9/18/14,4
9/19/14,5
9/20/14,6
9/21/14,7
9/22/14,1
9/23/14,2
9/24/14,3
9/25/14,4
9/26/14,5
9/27/14,6
9/28/14,7
9/29/14,1
9/30/14,2
10/1/14,3
10/2/14,4
10/3/14,5
10/4/14,6
10/5/14,7
10/6/14,1
10/7/14,2
10/8/14,3
10/9/14,4
10/10/14,5
10/11/14,6
10/12/14,7
10/13/14,1
10/14/14,2
10/15/14,3
10/16/14,4
10/17/14,5
10/18/14,6
10/19/14,7
10/20/14,1
10/21/14,2
10/22/14,3
10/23/14,4
10/24/14,5
10/25/14,6
10/26/14,7
10/27/14,1
10/28/14,2
10/29/14,3
10/30/14,4
10/31/14,5
11/1/14,6
11/2/14,7
11/3/14,1
11/4/14,2
11/5/14,3
11/6/14,4
11/7/14,5
11/8/14,6
11/9/14,7
11/10/14,1
11/11/14,2
11/12/14,3
11/13/14,4
11/14/14,5
11/15/14,6
11/16/14,7
11/17/14,1
11/18/14,2
11/19/14,3
11/20/14,4
11/21/14,5
11/22/14,6
11/23/14,7
11/24/14,1
11/25/14,2
11/26/14,3
11/27/14,4
11/28/14,5
11/29/14,6
11/30/14,7
12/1/14,1
12/2/14,2
12/3/14,3
12/4/14,4
12/5/14,5
12/6/14,6
12/7/14,7
12/8/14,1
12/9/14,2
12/10/14,3
12/11/14,4
12/12/14,5
12/13/14,6
12/14/14,7
12/15/14,1
12/16/14,2
12/17/14,3
12/18/14,4
12/19/14,5
12/20/14,6
12/21/14,7
12/22/14,1
12/23/14,2
12/24/14,3
12/25/14,4
12/26/14,5
12/27/14,6
12/28/14,7
12/29/14,1
12/30/14,2
12/31/14,3
1/1/15,4
1/2/15,5
1/3/15,6
1/4/15,7
1/5/15,1
1/6/15,2
1/7/15,3
1/8/15,4
1/9/15,5
1/10/15,6
1/11/15,7
1/12/15,1
1/13/15,2
1/14/15,3
1/15/15,4
1/16/15,5
1/17/15,6
1/18/15,7
1/19/15,1
1/20/15,2
1/21/15,3
1/22/15,4
1/23/15,5
1/24/15,6
1/25/15,7
1/26/15,1
1/27/15,2
1/28/15,3
1/29/15,4
1/30/15,5
1/31/15,6
2/1/15,7
2/2/15,1
2/3/15,2
2/4/15,3
2/5/15,4
2/6/15,5
2/7/15,6
2/8/15,7
2/9/15,1
2/10/15,2
2/11/15,3
2/12/15,4
2/13/15,5
2/14/15,6
2/15/15,7
2/16/15,1
2/17/15,2
2/18/15,3
2/19/15,4
2/20/15,5
2/21/15,6
2/22/15,7
2/23/15,1
2/24/15,2
2/25/15,3
2/26/15,4
2/27/15,5
2/28/15,6
3/1/15,7
3/2/15,1
3/3/15,2
3/4/15,3
3/5/15,4
3/6/15,5
3/7/15,6
3/8/15,7
3/9/15,1
3/10/15,2
3/11/15,3
3/12/15,4
3/13/15,5
3/14/15,6
3/15/15,7
3/16/15,1
3/17/15,2
3/18/15,3
3/19/15,4
3/20/15,5
3/21/15,6
3/22/15,7
3/23/15,1
3/24/15,2
3/25/15,3
3/26/15,4
3/27/15,5
3/28/15,6
3/29/15,7
3/30/15,1
3/31/15,2
4/1/15,3
4/2/15,4
4/3/15,5
4/4/15,6
4/5/15,7
4/6/15,1
4/7/15,2
4/8/15,3
4/9/15,4
4/10/15,5
4/11/15,6
4/12/15,7
4/13/15,1
4/14/15,2
4/15/15,3
4/16/15,4
4/17/15,5
4/18/15,6
4/19/15,7
4/20/15,1
4/21/15,2
4/22/15,3
4/23/15,4
4/24/15,5
4/25/15,6
4/26/15,7
4/27/15,1
4/28/15,2
4/29/15,3
4/30/15,4
5/1/15,5
5/2/15,6
5/3/15,7
5/4/15,1
5/5/15,2
5/6/15,3
5/7/15,4
5/8/15,5
5/9/15,6
5/10/15,7
5/11/15,1
5/12/15,2
5/13/15,3
5/14/15,4
5/15/15,5
5/16/15,6
5/17/15,7
5/18/15,1
5/19/15,2
5/20/15,3
5/21/15,4
5/22/15,5
5/23/15,6
5/24/15,7
5/25/15,1
5/26/15,2
5/27/15,3
5/28/15,4
5/29/15,5
5/30/15,6
5/31/15,7
6/1/15,1
6/2/15,2
6/3/15,3
6/4/15,4
6/5/15,5
6/6/15,6
6/7/15,7
6/8/15,1
6/9/15,2
6/10/15,3
6/11/15,4
6/12/15,5
6/13/15,6
6/14/15,7
6/15/15,1
6/16/15,2
6/17/15,3
6/18/15,4
6/19/15,5
6/20/15,6
6/21/15,7
6/22/15,1
6/23/15,2
6/24/15,3
6/25/15,4
6/26/15,5
6/27/15,6
6/28/15,7
6/29/15,1
6/30/15,2
7/1/15,3
7/2/15,4
7/3/15,5
7/4/15,6
7/5/15,7
7/6/15,1
7/7/15,2
7/8/15,3
7/9/15,4
7/10/15,5
7/11/15,6
7/12/15,7
7/13/15,1
7/14/15,2
7/15/15,3
7/16/15,4
7/17/15,5
7/18/15,6
7/19/15,7
7/20/15,1
7/21/15,2
7/22/15,3
7/23/15,4
7/24/15,5
7/25/15,6
7/26/15,7
7/27/15,1
7/28/15,2
7/29/15,3
7/30/15,4
7/31/15,5
8/1/15,6
8/2/15,7
8/3/15,1
8/4/15,2
8/5/15,3
8/6/15,4
8/7/15,5
8/8/15,6
8/9/15,7
8/10/15,1
8/11/15,2
8/12/15,3
8/13/15,4
8/14/15,5
8/15/15,6
8/16/15,7
8/17/15,1
8/18/15,2
8/19/15,3
8/20/15,4
8/21/15,5
8/22/15,6
8/23/15,7
8/24/15,1
8/25/15,2
8/26/15,3
8/27/15,4
8/28/15,5
8/29/15,6
8/30/15,7
8/31/15,1
9/1/15,2
9/2/15,3
9/3/15,4
9/4/15,5
9/5/15,6
9/6/15,7
9/7/15,1
9/8/15,2
9/9/15,3
9/10/15,4
9/11/15,5
9/12/15,6
9/13/15,7
9/14/15,1
9/15/15,2
9/16/15,3
9/17/15,4
9/18/15,5
9/19/15,6
9/20/15,7
9/21/15,1
9/22/15,2
9/23/15,3
9/24/15,4
9/25/15,5
9/26/15,6
9/27/15,7
9/28/15,1
9/29/15,2
9/30/15,3
10/1/15,4
10/2/15,5
10/3/15,6
10/4/15,7
10/5/15,1
10/6/15,2
10/7/15,3
10/8/15,4
10/9/15,5
10/10/15,6
10/11/15,7
10/12/15,1
10/13/15,2
10/14/15,3
10/15/15,4
10/16/15,5
10/17/15,6
10/18/15,7
10/19/15,1
10/20/15,2
10/21/15,3
10/22/15,4
10/23/15,5
10/24/15,6
10/25/15,7
10/26/15,1
10/27/15,2
10/28/15,3
10/29/15,4
10/30/15,5
10/31/15,6
11/1/15,7
11/2/15,1
11/3/15,2
11/4/15,3
11/5/15,4
11/6/15,5
11/7/15,6
11/8/15,7
11/9/15,1
11/10/15,2
11/11/15,3
11/12/15,4
11/13/15,5
11/14/15,6
11/15/15,7
11/16/15,1
11/17/15,2
11/18/15,3
11/19/15,4
11/20/15,5
11/21/15,6
11/22/15,7
11/23/15,1
11/24/15,2
11/25/15,3
11/26/15,4
11/27/15,5
11/28/15,6
11/29/15,7
11/30/15,1
12/1/15,2
12/2/15,3
12/3/15,4
12/4/15,5
12/5/15,6
12/6/15,7
12/7/15,1
12/8/15,2
12/9/15,3
12/10/15,4
12/11/15,5
12/12/15,6
12/13/15,7
12/14/15,1
12/15/15,2
12/16/15,3
12/17/15,4
12/18/15,5
12/19/15,6
12/20/15,7
12/21/15,1
12/22/15,2
12/23/15,3
12/24/15,4
12/25/15,5
12/26/15,6
12/27/15,7
12/28/15,1
12/29/15,2
12/30/15,3
12/31/15,4
1/1/16,5
1/2/16,6
1/3/16,7
1/4/16,1
1/5/16,2
1/6/16,3
1/7/16,4
1/8/16,5
1/9/16,6
1/10/16,7
1/11/16,1
1/12/16,2
1/13/16,3
1/14/16,4
1/15/16,5
1/16/16,6
1/17/16,7
1/18/16,1
1/19/16,2
1/20/16,3
1/21/16,4
1/22/16,5
1/23/16,6
1/24/16,7
1/25/16,1
1/26/16,2
1/27/16,3
1/28/16,4
1/29/16,5
1/30/16,6
1/31/16,7
2/1/16,1
2/2/16,2
2/3/16,3
2/4/16,4
2/5/16,5
2/6/16,6
2/7/16,7
2/8/16,1
2/9/16,2
2/10/16,3
2/11/16,4
2/12/16,5
2/13/16,6
2/14/16,7
2/15/16,1
2/16/16,2
2/17/16,3
2/18/16,4
2/19/16,5
2/20/16,6
2/21/16,7
2/22/16,1
2/23/16,2
2/24/16,3
2/25/16,4
2/26/16,5
2/27/16,6
2/28/16,7
2/29/16,1
3/1/16,2
3/2/16,3
3/3/16,4
3/4/16,5
3/5/16,6
3/6/16,7
3/7/16,1
3/8/16,2
3/9/16,3
3/10/16,4
3/11/16,5
3/12/16,6
3/13/16,7
3/14/16,1
3/15/16,2
3/16/16,3
3/17/16,4
3/18/16,5
3/19/16,6
3/20/16,7
3/21/16,1
3/22/16,2
3/23/16,3
3/24/16,4
3/25/16,5
3/26/16,6
3/27/16,7
3/28/16,1
3/29/16,2
3/30/16,3
3/31/16,4
4/1/16,5
4/2/16,6
4/3/16,7
4/4/16,1
4/5/16,2
4/6/16,3
4/7/16,4
4/8/16,5
4/9/16,6
4/10/16,7
4/11/16,1
4/12/16,2
4/13/16,3
4/14/16,4
4/15/16,5
4/16/16,6
4/17/16,7
4/18/16,1
4/19/16,2
4/20/16,3
4/21/16,4
4/22/16,5
4/23/16,6
4/24/16,7
4/25/16,1
4/26/16,2
4/27/16,3
4/28/16,4
4/29/16,5
4/30/16,6
5/1/16,7
5/2/16,1
5/3/16,2
5/4/16,3
5/5/16,4
5/6/16,5
5/7/16,6
5/8/16,7
5/9/16,1
5/10/16,2
5/11/16,3
5/12/16,4
5/13/16,5
5/14/16,6
5/15/16,7
5/16/16,1
5/17/16,2
5/18/16,3
5/19/16,4
5/20/16,5
5/21/16,6
5/22/16,7
5/23/16,1
5/24/16,2
5/25/16,3
5/26/16,4
5/27/16,5
5/28/16,6
5/29/16,7
5/30/16,1
5/31/16,2
6/1/16,3
6/2/16,4
6/3/16,5
6/4/16,6
6/5/16,7
6/6/16,1
6/7/16,2
6/8/16,3
6/9/16,4
6/10/16,5
6/11/16,6
6/12/16,7
6/13/16,1
6/14/16,2
6/15/16,3
6/16/16,4
6/17/16,5
6/18/16,6
6/19/16,7
6/20/16,1
6/21/16,2
6/22/16,3
6/23/16,4
6/24/16,5
6/25/16,6
6/26/16,7
6/27/16,1
6/28/16,2
6/29/16,3
6/30/16,4
7/1/16,5
7/2/16,6
7/3/16,7
7/4/16,1
7/5/16,2
7/6/16,3
7/7/16,4
7/8/16,5
7/9/16,6
7/10/16,7
7/11/16,1
7/12/16,2
7/13/16,3
7/14/16,4
7/15/16,5
7/16/16,6
7/17/16,7
7/18/16,1
7/19/16,2
7/20/16,3
7/21/16,4
7/22/16,5
7/23/16,6
7/24/16,7
7/25/16,1
7/26/16,2
7/27/16,3
7/28/16,4
7/29/16,5
7/30/16,6
7/31/16,7
8/1/16,1
8/2/16,2
8/3/16,3
8/4/16,4
8/5/16,5
8/6/16,6
8/7/16,7
8/8/16,1
8/9/16,2
8/10/16,3
8/11/16,4
8/12/16,5
8/13/16,6
8/14/16,7
8/15/16,1
8/16/16,2
8/17/16,3
8/18/16,4
8/19/16,5
8/20/16,6
8/21/16,7
8/22/16,1
8/23/16,2
8/24/16,3
8/25/16,4
8/26/16,5
8/27/16,6
8/28/16,7
8/29/16,1
8/30/16,2
8/31/16,3
9/1/16,4
9/2/16,5
9/3/16,6
9/4/16,7
9/5/16,1
9/6/16,2
9/7/16,3
9/8/16,4
9/9/16,5
9/10/16,6
9/11/16,7
9/12/16,1
9/13/16,2
9/14/16,3
9/15/16,4
9/16/16,5
9/17/16,6
9/18/16,7
9/19/16,1
9/20/16,2
9/21/16,3
9/22/16,4
9/23/16,5
9/24/16,6
9/25/16,7
9/26/16,1
9/27/16,2
9/28/16,3
9/29/16,4
9/30/16,5
10/1/16,6
10/2/16,7
10/3/16,1
10/4/16,2
10/5/16,3
10/6/16,4
10/7/16,5
10/8/16,6
10/9/16,7
10/10/16,1
10/11/16,2
10/12/16,3
10/13/16,4
10/14/16,5
10/15/16,6
10/16/16,7
10/17/16,1
10/18/16,2
10/19/16,3
10/20/16,4
10/21/16,5
10/22/16,6
10/23/16,7
10/24/16,1
10/25/16,2
10/26/16,3
10/27/16,4
10/28/16,5
10/29/16,6
10/30/16,7
10/31/16,1
11/1/16,2
11/2/16,3
11/3/16,4
11/4/16,5
11/5/16,6
11/6/16,7
11/7/16,1
11/8/16,2
11/9/16,3
11/10/16,4
11/11/16,5
11/12/16,6
11/13/16,7
11/14/16,1
11/15/16,2
11/16/16,3
11/17/16,4
11/18/16,5
11/19/16,6
11/20/16,7
11/21/16,1
11/22/16,2
11/23/16,3
11/24/16,4
11/25/16,5
11/26/16,6
11/27/16,7
11/28/16,1
11/29/16,2
11/30/16,3
12/1/16,4
12/2/16,5
12/3/16,6
12/4/16,7
12/5/16,1
12/6/16,2
12/7/16,3
12/8/16,4
12/9/16,5
12/10/16,6
12/11/16,7
12/12/16,1
12/13/16,2
12/14/16,3
12/15/16,4
12/16/16,5
12/17/16,6
12/18/16,7
12/19/16,1
12/20/16,2
12/21/16,3
12/22/16,4
12/23/16,5
12/24/16,6
12/25/16,7
12/26/16,1
12/27/16,2
12/28/16,3
12/29/16,4
12/30/16,5
12/31/16,6
1/1/17,7
1/2/17,1
1/3/17,2
1/4/17,3
1/5/17,4
1/6/17,5
1/7/17,6
1/8/17,7
1/9/17,1
1/10/17,2
1/11/17,3
1/12/17,4
1/13/17,5
1/14/17,6
1/15/17,7
1/16/17,1
1/17/17,2
1/18/17,3
1/19/17,4
1/20/17,5
1/21/17,6
1/22/17,7
1/23/17,1
1/24/17,2
1/25/17,3
1/26/17,4
1/27/17,5
1/28/17,6
1/29/17,7
1/30/17,1
1/31/17,2
2/1/17,3
2/2/17,4
2/3/17,5
2/4/17,6
2/5/17,7
2/6/17,1
2/7/17,2
2/8/17,3
2/9/17,4
2/10/17,5
2/11/17,6
2/12/17,7
2/13/17,1
2/14/17,2
2/15/17,3
2/16/17,4
2/17/17,5
2/18/17,6
2/19/17,7
2/20/17,1
2/21/17,2
2/22/17,3
2/23/17,4
2/24/17,5
2/25/17,6
2/26/17,7
2/27/17,1
2/28/17,2
3/1/17,3
3/2/17,4
3/3/17,5
3/4/17,6
3/5/17,7
3/6/17,1
3/7/17,2
3/8/17,3
3/9/17,4
3/10/17,5
3/11/17,6
3/12/17,7
3/13/17,1
3/14/17,2
3/15/17,3
3/16/17,4
3/17/17,5
3/18/17,6
3/19/17,7
3/20/17,1
3/21/17,2
3/22/17,3
3/23/17,4
3/24/17,5
3/25/17,6
3/26/17,7
3/27/17,1
3/28/17,2
3/29/17,3
3/30/17,4
3/31/17,5
4/1/17,6
4/2/17,7
4/3/17,1
4/4/17,2
4/5/17,3
4/6/17,4
4/7/17,5
4/8/17,6
4/9/17,7
4/10/17,1
4/11/17,2
4/12/17,3
4/13/17,4
4/14/17,5
4/15/17,6
4/16/17,7
4/17/17,1
4/18/17,2
4/19/17,3
4/20/17,4
4/21/17,5
4/22/17,6
4/23/17,7
4/24/17,1
4/25/17,2
4/26/17,3
4/27/17,4
4/28/17,5
4/29/17,6
4/30/17,7
5/1/17,1
5/2/17,2
5/3/17,3
5/4/17,4
5/5/17,5
5/6/17,6
5/7/17,7
5/8/17,1
5/9/17,2
5/10/17,3
5/11/17,4
5/12/17,5
5/13/17,6
5/14/17,7
5/15/17,1
5/16/17,2
5/17/17,3
5/18/17,4
5/19/17,5
5/20/17,6
5/21/17,7
5/22/17,1
5/23/17,2
5/24/17,3
5/25/17,4
5/26/17,5
5/27/17,6
5/28/17,7
5/29/17,1
5/30/17,2
5/31/17,3
6/1/17,4
6/2/17,5
6/3/17,6
6/4/17,7
6/5/17,1
6/6/17,2
6/7/17,3
6/8/17,4
6/9/17,5
6/10/17,6
6/11/17,7
6/12/17,1
6/13/17,2
6/14/17,3
6/15/17,4
6/16/17,5
6/17/17,6
6/18/17,7
6/19/17,1
6/20/17,2
6/21/17,3
6/22/17,4
6/23/17,5
6/24/17,6
6/25/17,7
6/26/17,1
6/27/17,2
6/28/17,3
6/29/17,4
6/30/17,5
7/1/17,6
7/2/17,7
7/3/17,1
7/4/17,2
7/5/17,3
7/6/17,4
7/7/17,5
7/8/17,6
7/9/17,7
7/10/17,1
7/11/17,2
7/12/17,3
7/13/17,4
7/14/17,5
7/15/17,6
7/16/17,7
7/17/17,1
7/18/17,2
7/19/17,3
7/20/17,4
7/21/17,5
7/22/17,6
7/23/17,7
7/24/17,1
7/25/17,2
7/26/17,3
7/27/17,4
7/28/17,5
7/29/17,6
7/30/17,7
7/31/17,1
8/1/17,2
8/2/17,3
8/3/17,4
8/4/17,5
8/5/17,6
8/6/17,7
8/7/17,1
8/8/17,2
8/9/17,3
8/10/17,4
8/11/17,5
8/12/17,6
8/13/17,7
8/14/17,1
8/15/17,2
8/16/17,3
8/17/17,4
8/18/17,5
8/19/17,6
8/20/17,7
8/21/17,1
8/22/17,2
8/23/17,3
8/24/17,4
8/25/17,5
8/26/17,6
8/27/17,7
8/28/17,1
8/29/17,2
8/30/17,3
8/31/17,4
9/1/17,5
9/2/17,6
9/3/17,7
9/4/17,1
9/5/17,2
9/6/17,3
9/7/17,4
9/8/17,5
9/9/17,6
9/10/17,7
9/11/17,1
9/12/17,2
9/13/17,3
9/14/17,4
9/15/17,5
9/16/17,6
9/17/17,7
9/18/17,1
9/19/17,2
9/20/17,3
9/21/17,4
9/22/17,5
9/23/17,6
9/24/17,7
9/25/17,1
9/26/17,2
9/27/17,3
9/28/17,4
9/29/17,5
9/30/17,6
10/1/17,7
10/2/17,1
10/3/17,2
10/4/17,3
10/5/17,4
10/6/17,5
10/7/17,6
10/8/17,7
10/9/17,1
10/10/17,2
10/11/17,3
10/12/17,4
10/13/17,5
10/14/17,6
10/15/17,7
10/16/17,1
10/17/17,2
10/18/17,3
10/19/17,4
10/20/17,5
10/21/17,6
10/22/17,7
10/23/17,1
10/24/17,2
10/25/17,3
10/26/17,4
10/27/17,5
10/28/17,6
10/29/17,7
10/30/17,1
10/31/17,2
11/1/17,3
11/2/17,4
11/3/17,5
11/4/17,6
11/5/17,7
11/6/17,1
11/7/17,2
11/8/17,3
11/9/17,4
11/10/17,5
11/11/17,6
11/12/17,7
11/13/17,1
11/14/17,2
11/15/17,3
11/16/17,4
11/17/17,5
11/18/17,6
11/19/17,7
11/20/17,1
11/21/17,2
11/22/17,3
11/23/17,4
11/24/17,5
11/25/17,6
11/26/17,7
11/27/17,1
11/28/17,2
11/29/17,3
11/30/17,4
12/1/17,5
12/2/17,6
12/3/17,7
12/4/17,1
12/5/17,2
12/6/17,3
12/7/17,4
12/8/17,5
12/9/17,6
12/10/17,7
12/11/17,1
12/12/17,2
12/13/17,3
12/14/17,4
12/15/17,5
12/16/17,6
12/17/17,7
12/18/17,1
12/19/17,2
12/20/17,3
12/21/17,4
12/22/17,5
12/23/17,6
12/24/17,7
12/25/17,1
12/26/17,2
12/27/17,3
12/28/17,4
12/29/17,5
12/30/17,6
12/31/17,7
1/1/18,1
1/2/18,2
1/3/18,3
1/4/18,4
1/5/18,5
1/6/18,6
1/7/18,7
1/8/18,1
1/9/18,2
1/10/18,3
1/11/18,4
1/12/18,5
1/13/18,6
1/14/18,7
1/15/18,1
1/16/18,2
1/17/18,3
1/18/18,4
1/19/18,5
1/20/18,6
1/21/18,7
1/22/18,1
1/23/18,2
1/24/18,3
1/25/18,4
1/26/18,5
1/27/18,6
1/28/18,7
1/29/18,1
1/30/18,2
1/31/18,3
2/1/18,4
2/2/18,5
2/3/18,6
2/4/18,7
2/5/18,1
2/6/18,2
2/7/18,3
2/8/18,4
2/9/18,5
2/10/18,6
2/11/18,7
2/12/18,1
2/13/18,2
2/14/18,3
2/15/18,4
2/16/18,5
2/17/18,6
2/18/18,7
2/19/18,1
2/20/18,2
2/21/18,3
2/22/18,4
2/23/18,5
2/24/18,6
2/25/18,7
2/26/18,1
2/27/18,2
2/28/18,3
3/1/18,4
3/2/18,5
3/3/18,6
3/4/18,7
3/5/18,1
3/6/18,2
3/7/18,3
3/8/18,4
3/9/18,5
3/10/18,6
3/11/18,7
3/12/18,1
3/13/18,2
3/14/18,3
3/15/18,4
3/16/18,5
3/17/18,6
3/18/18,7
3/19/18,1
3/20/18,2
3/21/18,3
3/22/18,4
3/23/18,5
3/24/18,6
3/25/18,7
3/26/18,1
3/27/18,2
3/28/18,3
3/29/18,4
3/30/18,5
3/31/18,6
4/1/18,7
4/2/18,1
4/3/18,2
4/4/18,3
4/5/18,4
4/6/18,5
4/7/18,6
4/8/18,7
4/9/18,1
4/10/18,2
4/11/18,3
4/12/18,4
4/13/18,5
4/14/18,6
4/15/18,7
4/16/18,1
4/17/18,2
4/18/18,3
4/19/18,4
4/20/18,5
4/21/18,6
4/22/18,7
4/23/18,1
4/24/18,2
4/25/18,3
4/26/18,4
4/27/18,5
4/28/18,6
4/29/18,7
4/30/18,1
5/1/18,2
5/2/18,3
5/3/18,4
5/4/18,5
5/5/18,6
5/6/18,7
5/7/18,1
5/8/18,2
5/9/18,3
5/10/18,4
5/11/18,5
5/12/18,6
5/13/18,7
5/14/18,1
5/15/18,2
5/16/18,3
5/17/18,4
5/18/18,5
5/19/18,6
5/20/18,7
5/21/18,1
5/22/18,2
5/23/18,3
5/24/18,4
5/25/18,5
5/26/18,6
5/27/18,7
5/28/18,1
5/29/18,2
5/30/18,3
5/31/18,4
6/1/18,5
6/2/18,6
6/3/18,7
6/4/18,1
6/5/18,2
6/6/18,3
6/7/18,4
6/8/18,5
6/9/18,6
6/10/18,7
6/11/18,1
6/12/18,2
6/13/18,3
6/14/18,4
6/15/18,5
6/16/18,6
6/17/18,7
6/18/18,1
6/19/18,2
6/20/18,3
6/21/18,4
6/22/18,5
6/23/18,6
6/24/18,7
6/25/18,1
6/26/18,2
6/27/18,3
6/28/18,4
6/29/18,5
6/30/18,6
7/1/18,7
7/2/18,1
7/3/18,2
7/4/18,3
7/5/18,4
7/6/18,5
7/7/18,6
7/8/18,7
7/9/18,1
7/10/18,2
7/11/18,3
7/12/18,4
7/13/18,5
7/14/18,6
7/15/18,7
7/16/18,1
7/17/18,2
7/18/18,3
7/19/18,4
7/20/18,5
7/21/18,6
7/22/18,7
7/23/18,1
7/24/18,2
7/25/18,3
7/26/18,4
7/27/18,5
7/28/18,6
7/29/18,7
7/30/18,1
7/31/18,2
8/1/18,3
8/2/18,4
8/3/18,5
8/4/18,6
8/5/18,7
8/6/18,1
8/7/18,2
8/8/18,3
8/9/18,4
8/10/18,5
8/11/18,6
8/12/18,7
8/13/18,1
8/14/18,2
8/15/18,3
8/16/18,4
8/17/18,5
8/18/18,6
8/19/18,7
8/20/18,1
8/21/18,2
8/22/18,3
8/23/18,4
8/24/18,5
8/25/18,6
8/26/18,7
8/27/18,1
8/28/18,2
8/29/18,3
8/30/18,4
8/31/18,5
9/1/18,6
9/2/18,7
9/3/18,1
9/4/18,2
9/5/18,3
9/6/18,4
9/7/18,5
9/8/18,6
9/9/18,7
9/10/18,1
9/11/18,2
9/12/18,3
9/13/18,4
9/14/18,5
9/15/18,6
9/16/18,7
9/17/18,1
9/18/18,2
9/19/18,3
9/20/18,4
9/21/18,5
9/22/18,6
9/23/18,7
9/24/18,1
9/25/18,2
9/26/18,3
9/27/18,4
9/28/18,5
9/29/18,6
9/30/18,7
10/1/18,1
10/2/18,2
10/3/18,3
10/4/18,4
10/5/18,5
10/6/18,6
10/7/18,7
10/8/18,1
10/9/18,2
10/10/18,3
10/11/18,4
10/12/18,5
10/13/18,6
10/14/18,7
10/15/18,1
10/16/18,2
10/17/18,3
10/18/18,4
10/19/18,5
10/20/18,6
10/21/18,7
10/22/18,1
10/23/18,2
10/24/18,3
10/25/18,4
10/26/18,5
10/27/18,6
10/28/18,7
10/29/18,1
10/30/18,2
10/31/18,3
11/1/18,4
11/2/18,5
11/3/18,6
11/4/18,7
11/5/18,1
11/6/18,2
11/7/18,3
11/8/18,4
11/9/18,5
11/10/18,6
11/11/18,7
11/12/18,1
11/13/18,2
11/14/18,3
11/15/18,4
11/16/18,5
11/17/18,6
11/18/18,7
11/19/18,1
11/20/18,2
11/21/18,3
11/22/18,4
11/23/18,5
11/24/18,6
11/25/18,7
11/26/18,1
11/27/18,2
11/28/18,3
11/29/18,4
11/30/18,5
12/1/18,6
12/2/18,7
12/3/18,1
12/4/18,2
12/5/18,3
12/6/18,4
12/7/18,5
12/8/18,6
12/9/18,7
12/10/18,1
12/11/18,2
12/12/18,3
12/13/18,4
12/14/18,5
12/15/18,6
12/16/18,7
12/17/18,1
12/18/18,2
12/19/18,3
12/20/18,4
12/21/18,5
12/22/18,6
12/23/18,7
12/24/18,1
12/25/18,2
12/26/18,3
12/27/18,4
12/28/18,5
12/29/18,6
12/30/18,7
12/31/18,1